{"total_steps": 220, "total_epochs": 7.971014492753623, "eval_frequency": 0.2545454545454545, "final_train_loss": 0.0, "best_eval_loss": 0.04542035982012749, "best_eval_accuracy": 0.9896956246036779, "timestamp": "20250203_061805"}