{"total_steps": 27, "total_epochs": 0.9782608695652174, "eval_frequency": 0.25925925925925924, "final_train_loss": 0.2384, "best_eval_loss": 0.24135418236255646, "best_eval_accuracy": 0.901712111604312, "timestamp": "20250202_232307"}