{"total_steps": 220, "total_epochs": 7.971014492753623, "eval_frequency": 0.2545454545454545, "final_train_loss": 0.067, "best_eval_loss": 0.07878850400447845, "best_eval_accuracy": 0.9717818642993025, "timestamp": "20250203_023541"}